type,id,title,milestone,epic,parent,estimate,blocked_by,labels,twin,body
milestone,W0,W0 — Shell boots,W0 — Shell boots,,,,,wave:w0,,## Summary\nW0 — Shell boots\n\n## Dependencies\nBlocked by: none\n\n## Estimate\n\n\n## Twin\nn/a\n
milestone,W1,W1 — Data & event spine,W1 — Data & event spine,,,,,wave:w1,,## Summary\nW1 — Data & event spine\n\n## Dependencies\nBlocked by: none\n\n## Estimate\n\n\n## Twin\nn/a\n
milestone,W2,W2 — Trust & identity,W2 — Trust & identity,,,,,wave:w2,,## Summary\nW2 — Trust & identity\n\n## Dependencies\nBlocked by: none\n\n## Estimate\n\n\n## Twin\nn/a\n
milestone,W3,W3 — Local intelligence,W3 — Local intelligence,,,,,wave:w3,,## Summary\nW3 — Local intelligence\n\n## Dependencies\nBlocked by: none\n\n## Estimate\n\n\n## Twin\nn/a\n
milestone,W4,W4 — Craft objects,W4 — Craft objects,,,,,wave:w4,,## Summary\nW4 — Craft objects\n\n## Dependencies\nBlocked by: none\n\n## Estimate\n\n\n## Twin\nn/a\n
milestone,W5,W5 — Sovereignty path,W5 — Sovereignty path,,,,,wave:w5,,## Summary\nW5 — Sovereignty path\n\n## Dependencies\nBlocked by: none\n\n## Estimate\n\n\n## Twin\nn/a\n
milestone,W6,W6 — Agent & nudges,W6 — Agent & nudges,,,,,wave:w6,,## Summary\nW6 — Agent & nudges\n\n## Dependencies\nBlocked by: none\n\n## Estimate\n\n\n## Twin\nn/a\n
milestone,W7,W7 — First-run polish,W7 — First-run polish,,,,,wave:w7,,## Summary\nW7 — First-run polish\n\n## Dependencies\nBlocked by: none\n\n## Estimate\n\n\n## Twin\nn/a\n
milestone,W8,W8 — Experimental (parked),W8 — Experimental (parked),,,,,wave:w8,,## Summary\nW8 — Experimental (parked)\n\n## Dependencies\nBlocked by: none\n\n## Estimate\n\n\n## Twin\nn/a\n
milestone,W9,W9 — Future (parked),W9 — Future (parked),,,,,wave:w9,,## Summary\nW9 — Future (parked)\n\n## Dependencies\nBlocked by: none\n\n## Estimate\n\n\n## Twin\nn/a\n
epic,PE01,PE01 — Desktop Shell & Foundation,W0 — Shell boots,PE01,,,,"status:core-h1,wave:w0,area:shell,priority:p0,type:epic",,## Summary\nDesktop Shell & Foundation\n\n## Dependencies\nBlocked by: none\n\n## Estimate\n\n\n## Twin\nn/a\n
epic,PE02,PE02 — Storage & Event Spine,W1 — Data & event spine,PE02,,,,"status:core-h1,wave:w1,area:storage,priority:p0,type:epic",,## Summary\nStorage & Event Spine\n\n## Dependencies\nBlocked by: none\n\n## Estimate\n\n\n## Twin\nn/a\n
epic,PE03,PE03 — Identity & Resume Library,W2 — Trust & identity,PE03,,,,"status:core-h1,wave:w2,area:identity,priority:p0,type:epic",,## Summary\nIdentity & Resume Library\n\n## Dependencies\nBlocked by: none\n\n## Estimate\n\n\n## Twin\nn/a\n
epic,PE04,PE04 — Preferences & Privacy Chrome,W2 — Trust & identity,PE04,,,,"status:core-h1,wave:w2,area:prefs,priority:p0,type:epic",,## Summary\nPreferences & Privacy Chrome\n\n## Dependencies\nBlocked by: none\n\n## Estimate\n\n\n## Twin\nn/a\n
epic,PE05,PE05 — Local Intelligence,W3 — Local intelligence,PE05,,,,"status:core-h1,wave:w3,area:ai,priority:p0,type:epic",,## Summary\nLocal Intelligence\n\n## Dependencies\nBlocked by: none\n\n## Estimate\n\n\n## Twin\nn/a\n
epic,PE06,PE06 — Agent (preparative),W6 — Agent & nudges,PE06,,,,"status:core-h1,wave:w6,area:agent,priority:p0,type:epic",,## Summary\nAgent (preparative)\n\n## Dependencies\nBlocked by: none\n\n## Estimate\n\n\n## Twin\nn/a\n
epic,PE07,PE07 — Discovery & Job Providers,W4 — Craft objects,PE07,,,,"status:core-h1,wave:w4,area:discovery,priority:p1,type:epic",,## Summary\nDiscovery & Job Providers\n\n## Dependencies\nBlocked by: none\n\n## Estimate\n\n\n## Twin\nn/a\n
epic,PE08,PE08 — Applications & Pipeline,W4 — Craft objects,PE08,,,,"status:core-h1,wave:w4,area:applications,priority:p0,type:epic",,## Summary\nApplications & Pipeline\n\n## Dependencies\nBlocked by: none\n\n## Estimate\n\n\n## Twin\nn/a\n
epic,PE09,PE09 — Queue & Human Review,W5 — Sovereignty path,PE09,,,,"status:core-h1,wave:w5,area:queue,priority:p0,type:epic",,## Summary\nQueue & Human Review\n\n## Dependencies\nBlocked by: none\n\n## Estimate\n\n\n## Twin\nn/a\n
epic,PE10,PE10 — Send (Egress Boundary),W5 — Sovereignty path,PE10,,,,"status:core-h1,wave:w5,area:send,priority:p0,type:epic",,## Summary\nSend (Egress Boundary)\n\n## Dependencies\nBlocked by: none\n\n## Estimate\n\n\n## Twin\nn/a\n
epic,PE11,PE11 — Follow-ups & Scheduler,W6 — Agent & nudges,PE11,,,,"status:core-h1,wave:w6,area:scheduler,priority:p1,type:epic",,## Summary\nFollow-ups & Scheduler\n\n## Dependencies\nBlocked by: none\n\n## Estimate\n\n\n## Twin\nn/a\n
epic,PE12,PE12 — Timeline & Trust,W5 — Sovereignty path,PE12,,,,"status:core-h1,wave:w5,area:timeline,priority:p0,type:epic",,## Summary\nTimeline & Trust\n\n## Dependencies\nBlocked by: none\n\n## Estimate\n\n\n## Twin\nn/a\n
epic,PE13,PE13 — Onboarding & Empty States,W7 — First-run polish,PE13,,,,"status:core-h1,wave:w7,area:onboarding,priority:p1,type:epic",,## Summary\nOnboarding & Empty States\n\n## Dependencies\nBlocked by: none\n\n## Estimate\n\n\n## Twin\nn/a\n
story,PE01-S01,PE01-S01 — Launch desktop host,W0 — Shell boots,PE01,PE01-S01,3d,,"type:story,status:core-h1,wave:w0,area:shell,priority:p0",,## Summary\nLaunch desktop host\n\n## Dependencies\nBlocked by: none\n\n## Estimate\n3d\n\n## Twin\nn/a\n
story,PE01-S03,PE01-S03 — Deny-by-default IPC,W0 — Shell boots,PE01,PE01-S03,2.5d,PE01-S01,"type:story,status:core-h1,wave:w0,area:shell,priority:p0",,## Summary\nDeny-by-default IPC\n\n## Dependencies\nBlocked by: PE01-S01\n\n## Estimate\n2.5d\n\n## Twin\nn/a\n
story,PE01-S02,PE01-S02 — Navigate primary H1 sections,W0 — Shell boots,PE01,PE01-S02,2d,PE01-S01,"type:story,status:core-h1,wave:w0,area:shell,priority:p0",,## Summary\nNavigate primary H1 sections\n\n## Dependencies\nBlocked by: PE01-S01\n\n## Estimate\n2d\n\n## Twin\nn/a\n
story,PE01-S04,PE01-S04 — Dark-default appearance,W0 — Shell boots,PE01,PE01-S04,2.5d,PE01-S01,"type:story,status:core-h1,wave:w0,area:shell,priority:p1",,## Summary\nDark-default appearance\n\n## Dependencies\nBlocked by: PE01-S01\n\n## Estimate\n2.5d\n\n## Twin\nn/a\n
story,PE04-S03,PE04-S03 — Show Agent On-device status,W0 — Shell boots,PE04,PE04-S03,1.5d,PE01-S01,"type:story,status:core-h1,wave:w0,area:prefs,priority:p0",,## Summary\nShow Agent On-device status\n\n## Dependencies\nBlocked by: PE01-S01\n\n## Estimate\n1.5d\n\n## Twin\nn/a\n
story,PE02-S01,PE02-S01 — Persist documents on-device,W1 — Data & event spine,PE02,PE02-S01,3d,PE01-S01,"type:story,status:core-h1,wave:w1,area:storage,priority:p0",,## Summary\nPersist documents on-device\n\n## Dependencies\nBlocked by: PE01-S01\n\n## Estimate\n3d\n\n## Twin\nn/a\n
story,PE02-S02,PE02-S02 — Typed local event bus,W1 — Data & event spine,PE02,PE02-S02,2.5d,PE01-S01,"type:story,status:core-h1,wave:w1,area:events,priority:p0",,## Summary\nTyped local event bus\n\n## Dependencies\nBlocked by: PE01-S01\n\n## Estimate\n2.5d\n\n## Twin\nn/a\n
story,PE02-S03,PE02-S03 — Durable event hook,W1 — Data & event spine,PE02,PE02-S03,1d,PE02-S02,"type:story,status:core-h1,wave:w1,area:events,priority:p1",,## Summary\nDurable event hook\n\n## Dependencies\nBlocked by: PE02-S02\n\n## Estimate\n1d\n\n## Twin\nn/a\n
story,PE03-S01,PE03-S01 — Maintain local profile,W2 — Trust & identity,PE03,PE03-S01,2d,PE02-S01,"type:story,status:core-h1,wave:w2,area:identity,priority:p0",,## Summary\nMaintain local profile\n\n## Dependencies\nBlocked by: PE02-S01\n\n## Estimate\n2d\n\n## Twin\nn/a\n
story,PE03-S02,PE03-S02 — Import resume into Resume Library,W2 — Trust & identity,PE03,PE03-S02,2d,PE03-S01,"type:story,status:core-h1,wave:w2,area:identity,priority:p0",,## Summary\nImport resume into Resume Library\n\n## Dependencies\nBlocked by: PE03-S01\n\n## Estimate\n2d\n\n## Twin\nn/a\n
story,PE03-S03,PE03-S03 — Version and select resumes,W2 — Trust & identity,PE03,PE03-S03,1d,PE03-S02,"type:story,status:core-h1,wave:w2,area:identity,priority:p1",,## Summary\nVersion and select resumes\n\n## Dependencies\nBlocked by: PE03-S02\n\n## Estimate\n1d\n\n## Twin\nn/a\n
story,PE04-S01,PE04-S01 — Approval-before-send default on,W2 — Trust & identity,PE04,PE04-S01,1.5d,PE02-S01,"type:story,status:core-h1,wave:w2,area:prefs,priority:p0",,## Summary\nApproval-before-send default on\n\n## Dependencies\nBlocked by: PE02-S01\n\n## Estimate\n1.5d\n\n## Twin\nn/a\n
story,PE04-S04,PE04-S04 — Fit tone and constraint preferences,W2 — Trust & identity,PE04,PE04-S04,1d,PE04-S01,"type:story,status:core-h1,wave:w2,area:prefs,priority:p0",,## Summary\nFit tone and constraint preferences\n\n## Dependencies\nBlocked by: PE04-S01\n\n## Estimate\n1d\n\n## Twin\nn/a\n
story,PE04-S02,PE04-S02 — Quiet hours fields,W2 — Trust & identity,PE04,PE04-S02,0.5d,PE04-S01,"type:story,status:core-h1,wave:w2,area:prefs,priority:p1",,## Summary\nQuiet hours fields\n\n## Dependencies\nBlocked by: PE04-S01\n\n## Estimate\n0.5d\n\n## Twin\nn/a\n
story,PE13-S02,PE13-S02 — Calm empty states,W2 — Trust & identity,PE13,PE13-S02,1.5d,PE01-S02,"type:story,status:core-h1,wave:w2,area:onboarding,priority:p1",,## Summary\nCalm empty states\n\n## Dependencies\nBlocked by: PE01-S02\n\n## Estimate\n1.5d\n\n## Twin\nn/a\n
story,PE05-S01,PE05-S01 — AI Provider health and complete,W3 — Local intelligence,PE05,PE05-S01,2.5d,PE02-S02,"type:story,status:core-h1,wave:w3,area:ai,priority:p0",,## Summary\nAI Provider health and complete\n\n## Dependencies\nBlocked by: PE02-S02\n\n## Estimate\n2.5d\n\n## Twin\nn/a\n
story,PE05-S03,PE05-S03 — Context Builder minimizes context,W3 — Local intelligence,PE05,PE05-S03,1.5d,PE05-S01;PE03-S01,"type:story,status:core-h1,wave:w3,area:ai,priority:p0",,## Summary\nContext Builder minimizes context\n\n## Dependencies\nBlocked by: PE05-S01;PE03-S01\n\n## Estimate\n1.5d\n\n## Twin\nn/a\n
story,PE05-S05,PE05-S05 — Offline local-primary path,W3 — Local intelligence,PE05,PE05-S05,1d,PE05-S01,"type:story,status:core-h1,wave:w3,area:ai,priority:p0",,## Summary\nOffline local-primary path\n\n## Dependencies\nBlocked by: PE05-S01\n\n## Estimate\n1d\n\n## Twin\nn/a\n
story,PE05-S02,PE05-S02 — Configure local model path,W3 — Local intelligence,PE05,PE05-S02,1.5d,PE05-S01;PE04-S01,"type:story,status:core-h1,wave:w3,area:ai,priority:p0",,## Summary\nConfigure local model path\n\n## Dependencies\nBlocked by: PE05-S01;PE04-S01\n\n## Estimate\n1.5d\n\n## Twin\nn/a\n
story,PE08-S01,PE08-S01 — Create and edit application drafts,W4 — Craft objects,PE08,PE08-S01,2.5d,PE03-S02,"type:story,status:core-h1,wave:w4,area:applications,priority:p0",,## Summary\nCreate and edit application drafts\n\n## Dependencies\nBlocked by: PE03-S02\n\n## Estimate\n2.5d\n\n## Twin\nn/a\n
story,PE08-S04,PE08-S04 — List and open applications,W4 — Craft objects,PE08,PE08-S04,1.5d,PE08-S01,"type:story,status:core-h1,wave:w4,area:applications,priority:p0",,## Summary\nList and open applications\n\n## Dependencies\nBlocked by: PE08-S01\n\n## Estimate\n1.5d\n\n## Twin\nn/a\n
story,PE07-S01,PE07-S01 — Register Job Provider source,W4 — Craft objects,PE07,PE07-S01,2d,PE02-S02,"type:story,status:core-h1,wave:w4,area:discovery,priority:p0",,## Summary\nRegister Job Provider source\n\n## Dependencies\nBlocked by: PE02-S02\n\n## Estimate\n2d\n\n## Twin\nn/a\n
story,PE07-S02,PE07-S02 — Curate roles toward fit,W4 — Craft objects,PE07,PE07-S02,1d,PE07-S01;PE04-S04,"type:story,status:core-h1,wave:w4,area:discovery,priority:p1",,## Summary\nCurate roles toward fit\n\n## Dependencies\nBlocked by: PE07-S01;PE04-S04\n\n## Estimate\n1d\n\n## Twin\nn/a\n
story,PE07-S04,PE07-S04 — Browse and select curated roles,W4 — Craft objects,PE07,PE07-S04,1d,PE07-S02,"type:story,status:core-h1,wave:w4,area:discovery,priority:p1",,## Summary\nBrowse and select curated roles\n\n## Dependencies\nBlocked by: PE07-S02\n\n## Estimate\n1d\n\n## Twin\nn/a\n
story,PE08-S02,PE08-S02 — Cover letter draft,W4 — Craft objects,PE08,PE08-S02,1d,PE08-S01;PE05-S01,"type:story,status:core-h1,wave:w4,area:applications,priority:p1",,## Summary\nCover letter draft\n\n## Dependencies\nBlocked by: PE08-S01;PE05-S01\n\n## Estimate\n1d\n\n## Twin\nn/a\n
story,PE03-S04,PE03-S04 — Tailor resume draft no send,W4 — Craft objects,PE03,PE03-S04,1.5d,PE03-S02;PE05-S01;PE05-S03,"type:story,status:core-h1,wave:w4,area:identity,priority:p0",,## Summary\nTailor resume draft no send\n\n## Dependencies\nBlocked by: PE03-S02;PE05-S01;PE05-S03\n\n## Estimate\n1.5d\n\n## Twin\nn/a\n
story,PE07-S03,PE07-S03 — Analyze job vs profile,W4 — Craft objects,PE07,PE07-S03,1d,PE07-S01;PE05-S03,"type:story,status:core-h1,wave:w4,area:discovery,priority:p1",,## Summary\nAnalyze job vs profile\n\n## Dependencies\nBlocked by: PE07-S01;PE05-S03\n\n## Estimate\n1d\n\n## Twin\nn/a\n
story,PE09-S01,PE09-S01 — Enqueue for review,W5 — Sovereignty path,PE09,PE09-S01,1.5d,PE08-S01,"type:story,status:core-h1,wave:w5,area:queue,priority:p0",,## Summary\nEnqueue for review\n\n## Dependencies\nBlocked by: PE08-S01\n\n## Estimate\n1.5d\n\n## Twin\nn/a\n
story,PE09-S02,PE09-S02 — Approve or reject,W5 — Sovereignty path,PE09,PE09-S02,2d,PE09-S01;PE04-S01,"type:story,status:core-h1,wave:w5,area:queue,priority:p0",,## Summary\nApprove or reject\n\n## Dependencies\nBlocked by: PE09-S01;PE04-S01\n\n## Estimate\n2d\n\n## Twin\nn/a\n
story,PE12-S01,PE12-S01 — Inspect local timeline,W5 — Sovereignty path,PE12,PE12-S01,2d,PE02-S03,"type:story,status:core-h1,wave:w5,area:timeline,priority:p0",,## Summary\nInspect local timeline\n\n## Dependencies\nBlocked by: PE02-S03\n\n## Estimate\n2d\n\n## Twin\nn/a\n
story,PE10-S01,PE10-S01 — Send through send package,W5 — Sovereignty path,PE10,PE10-S01,3.5d,PE09-S02,"type:story,status:core-h1,wave:w5,area:send,priority:p0",,## Summary\nSend through send package\n\n## Dependencies\nBlocked by: PE09-S02\n\n## Estimate\n3.5d\n\n## Twin\nn/a\n
story,PE10-S02,PE10-S02 — Audit egress on Timeline,W5 — Sovereignty path,PE10,PE10-S02,1d,PE10-S01;PE12-S01,"type:story,status:core-h1,wave:w5,area:send,priority:p0",,## Summary\nAudit egress on Timeline\n\n## Dependencies\nBlocked by: PE10-S01;PE12-S01\n\n## Estimate\n1d\n\n## Twin\nn/a\n
story,PE08-S03,PE08-S03 — Track status post-send,W5 — Sovereignty path,PE08,PE08-S03,1d,PE08-S01;PE10-S01,"type:story,status:core-h1,wave:w5,area:applications,priority:p1",,## Summary\nTrack status post-send\n\n## Dependencies\nBlocked by: PE08-S01;PE10-S01\n\n## Estimate\n1d\n\n## Twin\nn/a\n
story,PE12-S02,PE12-S02 — Sanitized logs view,W5 — Sovereignty path,PE12,PE12-S02,1d,PE12-S01,"type:story,status:core-h1,wave:w5,area:timeline,priority:p1",,## Summary\nSanitized logs view\n\n## Dependencies\nBlocked by: PE12-S01\n\n## Estimate\n1d\n\n## Twin\nn/a\n
story,PE06-S01,PE06-S01 — Start and pause agent,W6 — Agent & nudges,PE06,PE06-S01,2d,PE04-S01;PE05-S01,"type:story,status:core-h1,wave:w6,area:agent,priority:p0",,## Summary\nStart and pause agent\n\n## Dependencies\nBlocked by: PE04-S01;PE05-S01\n\n## Estimate\n2d\n\n## Twin\nn/a\n
story,PE06-S02,PE06-S02 — Orchestrate drafts into Queue,W6 — Agent & nudges,PE06,PE06-S02,2.5d,PE06-S01;PE08-S01;PE09-S01,"type:story,status:core-h1,wave:w6,area:agent,priority:p0",,## Summary\nOrchestrate drafts into Queue\n\n## Dependencies\nBlocked by: PE06-S01;PE08-S01;PE09-S01\n\n## Estimate\n2.5d\n\n## Twin\nn/a\n
story,PE11-S01,PE11-S01 — Schedule polite follow-up,W6 — Agent & nudges,PE11,PE11-S01,1.5d,PE08-S03;PE02-S01,"type:story,status:core-h1,wave:w6,area:scheduler,priority:p1",,## Summary\nSchedule polite follow-up\n\n## Dependencies\nBlocked by: PE08-S03;PE02-S01\n\n## Estimate\n1.5d\n\n## Twin\nn/a\n
story,PE11-S03,PE11-S03 — Scheduler survives restart,W6 — Agent & nudges,PE11,PE11-S03,1.5d,PE11-S01,"type:story,status:core-h1,wave:w6,area:scheduler,priority:p1",,## Summary\nScheduler survives restart\n\n## Dependencies\nBlocked by: PE11-S01\n\n## Estimate\n1.5d\n\n## Twin\nn/a\n
story,PE11-S02,PE11-S02 — Calm due notification,W6 — Agent & nudges,PE11,PE11-S02,1d,PE11-S01;PE04-S02,"type:story,status:core-h1,wave:w6,area:scheduler,priority:p1",,## Summary\nCalm due notification\n\n## Dependencies\nBlocked by: PE11-S01;PE04-S02\n\n## Estimate\n1d\n\n## Twin\nn/a\n
story,PE11-S04,PE11-S04 — Dismiss or send under policy,W6 — Agent & nudges,PE11,PE11-S04,1.5d,PE11-S02;PE09-S02;PE10-S01,"type:story,status:core-h1,wave:w6,area:scheduler,priority:p1",,## Summary\nDismiss or send under policy\n\n## Dependencies\nBlocked by: PE11-S02;PE09-S02;PE10-S01\n\n## Estimate\n1.5d\n\n## Twin\nn/a\n
story,PE13-S01,PE13-S01 — Calm first-run onboarding,W7 — First-run polish,PE13,PE13-S01,2.5d,PE04-S01;PE03-S02;PE04-S03,"type:story,status:core-h1,wave:w7,area:onboarding,priority:p1",,## Summary\nCalm first-run onboarding\n\n## Dependencies\nBlocked by: PE04-S01;PE03-S02;PE04-S03\n\n## Estimate\n2.5d\n\n## Twin\nn/a\n
task,PE01-S01-T01,PE01-S01-T01 — Scaffold desktop window titled JobJitsu,W0 — Shell boots,PE01,PE01-S01,1d,,"type:task,status:core-h1,wave:w0,area:shell,priority:p0",E01-F02-S01-T01,## Summary\nScaffold desktop window titled JobJitsu\n\n## Dependencies\nBlocked by: none\n\n## Estimate\n1d\n\n## Twin\nE01-F02-S01-T01\n
task,PE01-S01-T02,PE01-S01-T02 — Wire UI entry (React) into host webview,W0 — Shell boots,PE01,PE01-S01,1d,PE01-S01-T01,"type:task,status:core-h1,wave:w0,area:shell,priority:p0",E01-F03-S01-T01,## Summary\nWire UI entry (React) into host webview\n\n## Dependencies\nBlocked by: PE01-S01-T01\n\n## Estimate\n1d\n\n## Twin\nE01-F03-S01-T01\n
task,PE01-S01-T03,PE01-S01-T03 — Smoke: launch with no career egress,W0 — Shell boots,PE01,PE01-S01,0.5d,PE01-S01-T02,"type:task,status:core-h1,wave:w0,area:shell,priority:p0,fence:sovereignty",,## Summary\nSmoke: launch with no career egress\n\n## Dependencies\nBlocked by: PE01-S01-T02\n\n## Estimate\n0.5d\n\n## Twin\nn/a\n
task,PE01-S03-T01,PE01-S03-T01 — Define IPC allowlist enum,W0 — Shell boots,PE01,PE01-S03,0.5d,PE01-S01-T01,"type:task,status:core-h1,wave:w0,area:shell,priority:p0",E03-F01-S01-T01,## Summary\nDefine IPC allowlist enum\n\n## Dependencies\nBlocked by: PE01-S01-T01\n\n## Estimate\n0.5d\n\n## Twin\nE03-F01-S01-T01\n
task,PE01-S03-T02,PE01-S03-T02 — Host dispatcher fails closed on unknown,W0 — Shell boots,PE01,PE01-S03,1d,PE01-S03-T01,"type:task,status:core-h1,wave:w0,area:shell,priority:p0",E03-F01-S01-T02,## Summary\nHost dispatcher fails closed on unknown\n\n## Dependencies\nBlocked by: PE01-S03-T01\n\n## Estimate\n1d\n\n## Twin\nE03-F01-S01-T02\n
task,PE01-S03-T03,PE01-S03-T03 — Typed UI bridge client,W0 — Shell boots,PE01,PE01-S03,0.5d,PE01-S03-T02,"type:task,status:core-h1,wave:w0,area:shell,priority:p0",E03-F01-S01-T03,## Summary\nTyped UI bridge client\n\n## Dependencies\nBlocked by: PE01-S03-T02\n\n## Estimate\n0.5d\n\n## Twin\nE03-F01-S01-T03\n
task,PE01-S03-T04,PE01-S03-T04 — Contract test: deny unknown + no UI AI,W0 — Shell boots,PE01,PE01-S03,0.5d,PE01-S03-T02,"type:task,status:core-h1,wave:w0,area:shell,priority:p0,fence:sovereignty",E03-F01-S01-T04,## Summary\nContract test: deny unknown + no UI AI\n\n## Dependencies\nBlocked by: PE01-S03-T02\n\n## Estimate\n0.5d\n\n## Twin\nE03-F01-S01-T04\n
task,PE01-S02-T01,PE01-S02-T01 — Shell layout sidebar main status,W0 — Shell boots,PE01,PE01-S02,1d,PE01-S01-T02,"type:task,status:core-h1,wave:w0,area:shell,priority:p0",E03-F02-S01-T01,## Summary\nShell layout sidebar main status\n\n## Dependencies\nBlocked by: PE01-S01-T02\n\n## Estimate\n1d\n\n## Twin\nE03-F02-S01-T01\n
task,PE01-S02-T02,PE01-S02-T02 — Nav H1 section routes,W0 — Shell boots,PE01,PE01-S02,1d,PE01-S02-T01,"type:task,status:core-h1,wave:w0,area:shell,priority:p0",E03-F02-S01-T02,## Summary\nNav H1 section routes\n\n## Dependencies\nBlocked by: PE01-S02-T01\n\n## Estimate\n1d\n\n## Twin\nE03-F02-S01-T02\n
task,PE01-S04-T01,PE01-S04-T01 — Design tokens + dark semantic theme,W0 — Shell boots,PE01,PE01-S04,1d,PE01-S01-T02,"type:task,status:core-h1,wave:w0,area:shell,priority:p1",E01-F04-S01-T02,## Summary\nDesign tokens + dark semantic theme\n\n## Dependencies\nBlocked by: PE01-S01-T02\n\n## Estimate\n1d\n\n## Twin\nE01-F04-S01-T02\n
task,PE01-S04-T02,PE01-S04-T02 — Persist appearance preference,W0 — Shell boots,PE01,PE01-S04,1d,PE01-S04-T01,"type:task,status:core-h1,wave:w0,area:shell,priority:p1",E03-F03-S01-T01,## Summary\nPersist appearance preference\n\n## Dependencies\nBlocked by: PE01-S04-T01\n\n## Estimate\n1d\n\n## Twin\nE03-F03-S01-T01\n
task,PE01-S04-T03,PE01-S04-T03 — AA contrast smoke primary text,W0 — Shell boots,PE01,PE01-S04,0.5d,PE01-S04-T01,"type:task,status:core-h1,wave:w0,area:shell,priority:p1",,## Summary\nAA contrast smoke primary text\n\n## Dependencies\nBlocked by: PE01-S04-T01\n\n## Estimate\n0.5d\n\n## Twin\nn/a\n
task,PE04-S03-T01,PE04-S03-T01 — Agent On-device badge in status region,W0 — Shell boots,PE04,PE04-S03,1d,PE01-S02-T01,"type:task,status:core-h1,wave:w0,area:prefs,priority:p0",E05-F03-S01-T01,## Summary\nAgent On-device badge in status region\n\n## Dependencies\nBlocked by: PE01-S02-T01\n\n## Estimate\n1d\n\n## Twin\nE05-F03-S01-T01\n
task,PE04-S03-T02,PE04-S03-T02 — Unavailable ready states without model,W0 — Shell boots,PE04,PE04-S03,0.5d,PE04-S03-T01,"type:task,status:core-h1,wave:w0,area:prefs,priority:p0",,## Summary\nUnavailable ready states without model\n\n## Dependencies\nBlocked by: PE04-S03-T01\n\n## Estimate\n0.5d\n\n## Twin\nn/a\n
task,PE02-S01-T01,PE02-S01-T01 — Storage interface packages/storage,W1 — Data & event spine,PE02,PE02-S01,0.5d,PE01-S01-T02,"type:task,status:core-h1,wave:w1,area:storage,priority:p0",E02-F01-S01-T01,## Summary\nStorage interface packages/storage\n\n## Dependencies\nBlocked by: none\n\n## Estimate\n0.5d\n\n## Twin\nE02-F01-S01-T01\n
task,PE02-S01-T02,PE02-S01-T02 — Local adapter roundtrip temp dir,W1 — Data & event spine,PE02,PE02-S01,1d,PE02-S01-T01,"type:task,status:core-h1,wave:w1,area:storage,priority:p0",E02-F01-S01-T02,## Summary\nLocal adapter roundtrip temp dir\n\n## Dependencies\nBlocked by: PE02-S01-T01\n\n## Estimate\n1d\n\n## Twin\nE02-F01-S01-T02\n
task,PE02-S01-T03,PE02-S01-T03 — Blob put/get user-data path,W1 — Data & event spine,PE02,PE02-S01,1d,PE02-S01-T01,"type:task,status:core-h1,wave:w1,area:storage,priority:p0",E02-F01-S01-T03,## Summary\nBlob put/get user-data path\n\n## Dependencies\nBlocked by: PE02-S01-T01\n\n## Estimate\n1d\n\n## Twin\nE02-F01-S01-T03\n
task,PE02-S01-T04,PE02-S01-T04 — Path resolution helper,W1 — Data & event spine,PE02,PE02-S01,0.5d,PE02-S01-T01,"type:task,status:core-h1,wave:w1,area:storage,priority:p0",E02-F01-S01-T04,## Summary\nPath resolution helper\n\n## Dependencies\nBlocked by: PE02-S01-T01\n\n## Estimate\n0.5d\n\n## Twin\nE02-F01-S01-T04\n
task,PE02-S02-T01,PE02-S02-T01 — Event name catalog EVENT_SYSTEM,W1 — Data & event spine,PE02,PE02-S02,1d,PE01-S01-T02,"type:task,status:core-h1,wave:w1,area:events,priority:p0",E02-F02-S01-T01,## Summary\nEvent name catalog EVENT_SYSTEM\n\n## Dependencies\nBlocked by: none\n\n## Estimate\n1d\n\n## Twin\nE02-F02-S01-T01\n
task,PE02-S02-T02,PE02-S02-T02 — ID-centric payload types,W1 — Data & event spine,PE02,PE02-S02,0.5d,PE02-S02-T01,"type:task,status:core-h1,wave:w1,area:events,priority:p0",E02-F02-S01-T02,## Summary\nID-centric payload types\n\n## Dependencies\nBlocked by: PE02-S02-T01\n\n## Estimate\n0.5d\n\n## Twin\nE02-F02-S01-T02\n
task,PE02-S02-T03,PE02-S02-T03 — In-process pub/sub bus,W1 — Data & event spine,PE02,PE02-S02,1d,PE02-S02-T01,"type:task,status:core-h1,wave:w1,area:events,priority:p0",E02-F03-S01-T01,## Summary\nIn-process pub/sub bus\n\n## Dependencies\nBlocked by: PE02-S02-T01\n\n## Estimate\n1d\n\n## Twin\nE02-F03-S01-T01\n
task,PE02-S03-T01,PE02-S03-T01 — Durable sink interface + memory sink,W1 — Data & event spine,PE02,PE02-S03,0.5d,PE02-S02-T03,"type:task,status:core-h1,wave:w1,area:events,priority:p1",E02-F04-S01-T01,## Summary\nDurable sink interface + memory sink\n\n## Dependencies\nBlocked by: PE02-S02-T03\n\n## Estimate\n0.5d\n\n## Twin\nE02-F04-S01-T01\n
task,PE02-S03-T02,PE02-S03-T02 — Durable allowlist config,W1 — Data & event spine,PE02,PE02-S03,0.5d,PE02-S03-T01,"type:task,status:core-h1,wave:w1,area:events,priority:p1",E02-F04-S01-T02,## Summary\nDurable allowlist config\n\n## Dependencies\nBlocked by: PE02-S03-T01\n\n## Estimate\n0.5d\n\n## Twin\nE02-F04-S01-T02\n
task,PE03-S01-T01,PE03-S01-T01 — Profile schema + repository,W2 — Trust & identity,PE03,PE03-S01,1d,PE02-S01-T02,"type:task,status:core-h1,wave:w2,area:identity,priority:p0",E04-F01-S01-T01,## Summary\nProfile schema + repository\n\n## Dependencies\nBlocked by: PE02-S01-T02\n\n## Estimate\n1d\n\n## Twin\nE04-F01-S01-T01\n
task,PE03-S01-T02,PE03-S01-T02 — Profile update API + UI form,W2 — Trust & identity,PE03,PE03-S01,1d,PE03-S01-T01,"type:task,status:core-h1,wave:w2,area:identity,priority:p0",E04-F02-S01-T01,## Summary\nProfile update API + UI form\n\n## Dependencies\nBlocked by: PE03-S01-T01\n\n## Estimate\n1d\n\n## Twin\nE04-F02-S01-T01\n
task,PE03-S02-T01,PE03-S02-T01 — Host import resume blob+metadata,W2 — Trust & identity,PE03,PE03-S02,1d,PE03-S01-T01;PE01-S03-T02,"type:task,status:core-h1,wave:w2,area:identity,priority:p0",E04-F01-S01-T02,## Summary\nHost import resume blob+metadata\n\n## Dependencies\nBlocked by: PE03-S01-T01;PE01-S03-T02\n\n## Estimate\n1d\n\n## Twin\nE04-F01-S01-T02\n
task,PE03-S02-T02,PE03-S02-T02 — UI import + Resume.Imported id only,W2 — Trust & identity,PE03,PE03-S02,1d,PE03-S02-T01,"type:task,status:core-h1,wave:w2,area:identity,priority:p0",E04-F01-S01-T03,## Summary\nUI import + Resume.Imported id only\n\n## Dependencies\nBlocked by: PE03-S02-T01\n\n## Estimate\n1d\n\n## Twin\nE04-F01-S01-T03\n
task,PE03-S03-T01,PE03-S03-T01 — Version list API select without send,W2 — Trust & identity,PE03,PE03-S03,1d,PE03-S02-T01,"type:task,status:core-h1,wave:w2,area:identity,priority:p1",,## Summary\nVersion list API select without send\n\n## Dependencies\nBlocked by: PE03-S02-T01\n\n## Estimate\n1d\n\n## Twin\nn/a\n
task,PE04-S01-T01,PE04-S01-T01 — Preferences schema + repository,W2 — Trust & identity,PE04,PE04-S01,1d,PE02-S01-T02,"type:task,status:core-h1,wave:w2,area:prefs,priority:p0",E05-F01-S01-T01,## Summary\nPreferences schema + repository\n\n## Dependencies\nBlocked by: PE02-S01-T02\n\n## Estimate\n1d\n\n## Twin\nE05-F01-S01-T01\n
task,PE04-S01-T02,PE04-S01-T02 — Seed approval-before-send true + IPC,W2 — Trust & identity,PE04,PE04-S01,0.5d,PE04-S01-T01,"type:task,status:core-h1,wave:w2,area:prefs,priority:p0",E05-F02-S01-T01,## Summary\nSeed approval-before-send true + IPC\n\n## Dependencies\nBlocked by: PE04-S01-T01\n\n## Estimate\n0.5d\n\n## Twin\nE05-F02-S01-T01\n
task,PE04-S04-T01,PE04-S04-T01 — Fit tone constraint fields + Changed,W2 — Trust & identity,PE04,PE04-S04,1d,PE04-S01-T01,"type:task,status:core-h1,wave:w2,area:prefs,priority:p0",,## Summary\nFit tone constraint fields + Changed\n\n## Dependencies\nBlocked by: PE04-S01-T01\n\n## Estimate\n1d\n\n## Twin\nn/a\n
task,PE04-S02-T01,PE04-S02-T01 — Quiet hours schema + UI inputs,W2 — Trust & identity,PE04,PE04-S02,0.5d,PE04-S01-T01,"type:task,status:core-h1,wave:w2,area:prefs,priority:p1",E05-F02-S01-T02,## Summary\nQuiet hours schema + UI inputs\n\n## Dependencies\nBlocked by: PE04-S01-T01\n\n## Estimate\n0.5d\n\n## Twin\nE05-F02-S01-T02\n
task,PE13-S02-T01,PE13-S02-T01 — JjEmptyState component,W2 — Trust & identity,PE13,PE13-S02,0.5d,PE01-S02-T01,"type:task,status:core-h1,wave:w2,area:onboarding,priority:p1",E14-F02-S01-T01,## Summary\nJjEmptyState component\n\n## Dependencies\nBlocked by: PE01-S02-T01\n\n## Estimate\n0.5d\n\n## Twin\nE14-F02-S01-T01\n
task,PE13-S02-T02,PE13-S02-T02 — Wire Applications Queue Follow-ups empties,W2 — Trust & identity,PE13,PE13-S02,1d,PE13-S02-T01,"type:task,status:core-h1,wave:w2,area:onboarding,priority:p1",E14-F02-S01-T02,## Summary\nWire Applications Queue Follow-ups empties\n\n## Dependencies\nBlocked by: PE13-S02-T01\n\n## Estimate\n1d\n\n## Twin\nE14-F02-S01-T02\n
task,PE05-S01-T01,PE05-S01-T01 — AI provider interface + registry,W3 — Local intelligence,PE05,PE05-S01,1d,PE02-S02-T03,"type:task,status:core-h1,wave:w3,area:ai,priority:p0",E06-F01-S01-T01,## Summary\nAI provider interface + registry\n\n## Dependencies\nBlocked by: none\n\n## Estimate\n1d\n\n## Twin\nE06-F01-S01-T01\n
task,PE05-S01-T02,PE05-S01-T02 — FakeProvider health complete,W3 — Local intelligence,PE05,PE05-S01,1d,PE05-S01-T01,"type:task,status:core-h1,wave:w3,area:ai,priority:p0",E06-F02-S01-T01,## Summary\nFakeProvider health complete\n\n## Dependencies\nBlocked by: PE05-S01-T01\n\n## Estimate\n1d\n\n## Twin\nE06-F02-S01-T01\n
task,PE05-S01-T03,PE05-S01-T03 — Emit Ai.LocalModel readiness events,W3 — Local intelligence,PE05,PE05-S01,0.5d,PE05-S01-T01;PE02-S02-T03,"type:task,status:core-h1,wave:w3,area:ai,priority:p0",E06-F05-S01-T01,## Summary\nEmit Ai.LocalModel readiness events\n\n## Dependencies\nBlocked by: PE05-S01-T01;PE02-S02-T03\n\n## Estimate\n0.5d\n\n## Twin\nE06-F05-S01-T01\n
task,PE05-S03-T01,PE05-S03-T01 — ContextAssembler allowlist + budget,W3 — Local intelligence,PE05,PE05-S03,1d,PE05-S01-T01;PE03-S01-T01,"type:task,status:core-h1,wave:w3,area:ai,priority:p0",E06-F04-S01-T01,## Summary\nContextAssembler allowlist + budget\n\n## Dependencies\nBlocked by: PE05-S01-T01;PE03-S01-T01\n\n## Estimate\n1d\n\n## Twin\nE06-F04-S01-T01\n
task,PE05-S03-T02,PE05-S03-T02 — Minimization unit test,W3 — Local intelligence,PE05,PE05-S03,0.5d,PE05-S03-T01,"type:task,status:core-h1,wave:w3,area:ai,priority:p0",,## Summary\nMinimization unit test\n\n## Dependencies\nBlocked by: PE05-S03-T01\n\n## Estimate\n0.5d\n\n## Twin\nn/a\n
task,PE05-S05-T01,PE05-S05-T01 — Offline local provider test,W3 — Local intelligence,PE05,PE05-S05,0.5d,PE05-S01-T02,"type:task,status:core-h1,wave:w3,area:ai,priority:p0",,## Summary\nOffline local provider test\n\n## Dependencies\nBlocked by: PE05-S01-T02\n\n## Estimate\n0.5d\n\n## Twin\nn/a\n
task,PE05-S05-T02,PE05-S05-T02 — No silent remote fallback assertion,W3 — Local intelligence,PE05,PE05-S05,0.5d,PE05-S05-T01,"type:task,status:core-h1,wave:w3,area:ai,priority:p0",,## Summary\nNo silent remote fallback assertion\n\n## Dependencies\nBlocked by: PE05-S05-T01\n\n## Estimate\n0.5d\n\n## Twin\nn/a\n
task,PE05-S02-T01,PE05-S02-T01 — LocalProvider stub model path pref,W3 — Local intelligence,PE05,PE05-S02,1d,PE05-S01-T01;PE04-S01-T01,"type:task,status:core-h1,wave:w3,area:ai,priority:p0",E06-F03-S01-T01,## Summary\nLocalProvider stub model path pref\n\n## Dependencies\nBlocked by: PE05-S01-T01;PE04-S01-T01\n\n## Estimate\n1d\n\n## Twin\nE06-F03-S01-T01\n
task,PE05-S02-T02,PE05-S02-T02 — Preferences model path + recovery copy,W3 — Local intelligence,PE05,PE05-S02,0.5d,PE05-S02-T01,"type:task,status:core-h1,wave:w3,area:ai,priority:p0",E05-F04-S01-T01,## Summary\nPreferences model path + recovery copy\n\n## Dependencies\nBlocked by: PE05-S02-T01\n\n## Estimate\n0.5d\n\n## Twin\nE05-F04-S01-T01\n
task,PE08-S01-T01,PE08-S01-T01 — Application entity + repository,W4 — Craft objects,PE08,PE08-S01,1d,PE02-S01-T02,"type:task,status:core-h1,wave:w4,area:applications,priority:p0",E08-F01-S01-T01,## Summary\nApplication entity + repository\n\n## Dependencies\nBlocked by: PE02-S01-T02\n\n## Estimate\n1d\n\n## Twin\nE08-F01-S01-T01\n
task,PE08-S01-T02,PE08-S01-T02 — Create update draft use-cases,W4 — Craft objects,PE08,PE08-S01,1d,PE08-S01-T01,"type:task,status:core-h1,wave:w4,area:applications,priority:p0",E08-F01-S01-T02,## Summary\nCreate update draft use-cases\n\n## Dependencies\nBlocked by: PE08-S01-T01\n\n## Estimate\n1d\n\n## Twin\nE08-F01-S01-T02\n
task,PE08-S01-T03,PE08-S01-T03 — Duplicate soft-warn,W4 — Craft objects,PE08,PE08-S01,0.5d,PE08-S01-T01,"type:task,status:core-h1,wave:w4,area:applications,priority:p0",,## Summary\nDuplicate soft-warn\n\n## Dependencies\nBlocked by: PE08-S01-T01\n\n## Estimate\n0.5d\n\n## Twin\nn/a\n
task,PE08-S04-T01,PE08-S04-T01 — Applications list UI,W4 — Craft objects,PE08,PE08-S04,1d,PE08-S01-T01;PE01-S02-T02,"type:task,status:core-h1,wave:w4,area:applications,priority:p0",E08-F03-S01-T01,## Summary\nApplications list UI\n\n## Dependencies\nBlocked by: PE08-S01-T01;PE01-S02-T02\n\n## Estimate\n1d\n\n## Twin\nE08-F03-S01-T01\n
task,PE08-S04-T02,PE08-S04-T02 — Detail editor + save,W4 — Craft objects,PE08,PE08-S04,0.5d,PE08-S01-T02,"type:task,status:core-h1,wave:w4,area:applications,priority:p0",E08-F03-S01-T02,## Summary\nDetail editor + save\n\n## Dependencies\nBlocked by: PE08-S01-T02\n\n## Estimate\n0.5d\n\n## Twin\nE08-F03-S01-T02\n
task,PE07-S01-T01,PE07-S01-T01 — DiscoverySource types + registry,W4 — Craft objects,PE07,PE07-S01,1d,PE02-S02-T03,"type:task,status:core-h1,wave:w4,area:discovery,priority:p0",E07-F01-S01-T01,## Summary\nDiscoverySource types + registry\n\n## Dependencies\nBlocked by: none\n\n## Estimate\n1d\n\n## Twin\nE07-F01-S01-T01\n
task,PE07-S01-T02,PE07-S01-T02 — CSV fixture source + RolesFound,W4 — Craft objects,PE07,PE07-S01,1d,PE07-S01-T01;PE02-S01-T02,"type:task,status:core-h1,wave:w4,area:discovery,priority:p0",E07-F02-S01-T01,## Summary\nCSV fixture source + RolesFound\n\n## Dependencies\nBlocked by: PE07-S01-T01;PE02-S01-T02\n\n## Estimate\n1d\n\n## Twin\nE07-F02-S01-T01\n
task,PE07-S02-T01,PE07-S02-T01 — Curation filter + RolesCurated,W4 — Craft objects,PE07,PE07-S02,1d,PE07-S01-T01;PE04-S04-T01,"type:task,status:core-h1,wave:w4,area:discovery,priority:p1",E07-F03-S01-T01,## Summary\nCuration filter + RolesCurated\n\n## Dependencies\nBlocked by: PE07-S01-T01;PE04-S04-T01\n\n## Estimate\n1d\n\n## Twin\nE07-F03-S01-T01\n
task,PE07-S04-T01,PE07-S04-T01 — Roles list UI + draft CTA no send,W4 — Craft objects,PE07,PE07-S04,1d,PE07-S02-T01;PE01-S02-T02,"type:task,status:core-h1,wave:w4,area:discovery,priority:p1",E07-F04-S01-T01,## Summary\nRoles list UI + draft CTA no send\n\n## Dependencies\nBlocked by: PE07-S02-T01;PE01-S02-T02\n\n## Estimate\n1d\n\n## Twin\nE07-F04-S01-T01\n
task,PE08-S02-T01,PE08-S02-T01 — Cover letter draft via FakeProvider,W4 — Craft objects,PE08,PE08-S02,1d,PE08-S01-T01;PE05-S01-T02,"type:task,status:core-h1,wave:w4,area:applications,priority:p1",,## Summary\nCover letter draft via FakeProvider\n\n## Dependencies\nBlocked by: PE08-S01-T01;PE05-S01-T02\n\n## Estimate\n1d\n\n## Twin\nn/a\n
task,PE03-S04-T01,PE03-S04-T01 — tailorDraft use-case no send,W4 — Craft objects,PE03,PE03-S04,1d,PE05-S03-T01;PE05-S01-T02,"type:task,status:core-h1,wave:w4,area:identity,priority:p0",E06-F04-S01-T02,## Summary\ntailorDraft use-case no send\n\n## Dependencies\nBlocked by: PE05-S03-T01;PE05-S01-T02\n\n## Estimate\n1d\n\n## Twin\nE06-F04-S01-T02\n
task,PE03-S04-T02,PE03-S04-T02 — Fence test tailor not send,W4 — Craft objects,PE03,PE03-S04,0.5d,PE03-S04-T01,"type:task,status:core-h1,wave:w4,area:identity,priority:p0,fence:sovereignty",,## Summary\nFence test tailor not send\n\n## Dependencies\nBlocked by: PE03-S04-T01\n\n## Estimate\n0.5d\n\n## Twin\nn/a\n
task,PE07-S03-T01,PE07-S03-T01 — Advisory job analysis use-case,W4 — Craft objects,PE07,PE07-S03,1d,PE07-S01-T01;PE05-S03-T01,"type:task,status:core-h1,wave:w4,area:discovery,priority:p1",,## Summary\nAdvisory job analysis use-case\n\n## Dependencies\nBlocked by: PE07-S01-T01;PE05-S03-T01\n\n## Estimate\n1d\n\n## Twin\nn/a\n
task,PE09-S01-T01,PE09-S01-T01 — Queue repository + enqueue,W5 — Sovereignty path,PE09,PE09-S01,1d,PE08-S01-T01,"type:task,status:core-h1,wave:w5,area:queue,priority:p0",E09-F01-S01-T01,## Summary\nQueue repository + enqueue\n\n## Dependencies\nBlocked by: PE08-S01-T01\n\n## Estimate\n1d\n\n## Twin\nE09-F01-S01-T01\n
task,PE09-S01-T02,PE09-S01-T02 — Queue.Enqueued + list UI stub,W5 — Sovereignty path,PE09,PE09-S01,0.5d,PE09-S01-T01;PE02-S02-T03,"type:task,status:core-h1,wave:w5,area:queue,priority:p0",E09-F01-S01-T02,## Summary\nQueue.Enqueued + list UI stub\n\n## Dependencies\nBlocked by: PE09-S01-T01;PE02-S02-T03\n\n## Estimate\n0.5d\n\n## Twin\nE09-F01-S01-T02\n
task,PE09-S02-T01,PE09-S02-T01 — approve reject + canSend policy,W5 — Sovereignty path,PE09,PE09-S02,1d,PE09-S01-T01;PE04-S01-T02,"type:task,status:core-h1,wave:w5,area:queue,priority:p0,fence:sovereignty",E09-F02-S01-T01,## Summary\napprove reject + canSend policy\n\n## Dependencies\nBlocked by: PE09-S01-T01;PE04-S01-T02\n\n## Estimate\n1d\n\n## Twin\nE09-F02-S01-T01\n
task,PE09-S02-T02,PE09-S02-T02 — Queue UI actions + policy contract test,W5 — Sovereignty path,PE09,PE09-S02,1d,PE09-S02-T01,"type:task,status:core-h1,wave:w5,area:queue,priority:p0,fence:sovereignty",E09-F02-S01-T03,## Summary\nQueue UI actions + policy contract test\n\n## Dependencies\nBlocked by: PE09-S02-T01\n\n## Estimate\n1d\n\n## Twin\nE09-F02-S01-T03\n
task,PE12-S01-T01,PE12-S01-T01 — Timeline repository append list,W5 — Sovereignty path,PE12,PE12-S01,1d,PE02-S01-T02,"type:task,status:core-h1,wave:w5,area:timeline,priority:p0",E13-F01-S01-T01,## Summary\nTimeline repository append list\n\n## Dependencies\nBlocked by: PE02-S01-T02\n\n## Estimate\n1d\n\n## Twin\nE13-F01-S01-T01\n
task,PE12-S01-T02,PE12-S01-T02 — Wire durable sink to timeline,W5 — Sovereignty path,PE12,PE12-S01,0.5d,PE12-S01-T01;PE02-S03-T01,"type:task,status:core-h1,wave:w5,area:timeline,priority:p0",E13-F02-S01-T01,## Summary\nWire durable sink to timeline\n\n## Dependencies\nBlocked by: PE12-S01-T01;PE02-S03-T01\n\n## Estimate\n0.5d\n\n## Twin\nE13-F02-S01-T01\n
task,PE12-S01-T03,PE12-S01-T03 — Timeline UI list,W5 — Sovereignty path,PE12,PE12-S01,0.5d,PE12-S01-T01;PE01-S02-T02,"type:task,status:core-h1,wave:w5,area:timeline,priority:p0",E13-F03-S01-T01,## Summary\nTimeline UI list\n\n## Dependencies\nBlocked by: PE12-S01-T01;PE01-S02-T02\n\n## Estimate\n0.5d\n\n## Twin\nE13-F03-S01-T01\n
task,PE10-S01-T01,PE10-S01-T01 — packages/send API + enforce canSend,W5 — Sovereignty path,PE10,PE10-S01,1d,PE09-S02-T01,"type:task,status:core-h1,wave:w5,area:send,priority:p0,fence:sovereignty",E10-F01-S01-T01,## Summary\npackages/send API + enforce canSend\n\n## Dependencies\nBlocked by: PE09-S02-T01\n\n## Estimate\n1d\n\n## Twin\nE10-F01-S01-T01\n
task,PE10-S01-T02,PE10-S01-T02 — Agent must not depend on send fence,W5 — Sovereignty path,PE10,PE10-S01,0.5d,PE10-S01-T01,"type:task,status:core-h1,wave:w5,area:send,priority:p0,fence:sovereignty",E10-F01-S01-T03,## Summary\nAgent must not depend on send fence\n\n## Dependencies\nBlocked by: PE10-S01-T01\n\n## Estimate\n0.5d\n\n## Twin\nE10-F01-S01-T03\n
task,PE10-S01-T03,PE10-S01-T03 — File-export or mailto channel stub,W5 — Sovereignty path,PE10,PE10-S01,1d,PE10-S01-T01,"type:task,status:core-h1,wave:w5,area:send,priority:p0",E10-F02-S01-T01,## Summary\nFile-export or mailto channel stub\n\n## Dependencies\nBlocked by: PE10-S01-T01\n\n## Estimate\n1d\n\n## Twin\nE10-F02-S01-T01\n
task,PE10-S01-T04,PE10-S01-T04 — Host approveAndSend + outcome toasts,W5 — Sovereignty path,PE10,PE10-S01,1d,PE10-S01-T03;PE01-S03-T02,"type:task,status:core-h1,wave:w5,area:send,priority:p0",E10-F02-S01-T02,## Summary\nHost approveAndSend + outcome toasts\n\n## Dependencies\nBlocked by: PE10-S01-T03;PE01-S03-T02\n\n## Estimate\n1d\n\n## Twin\nE10-F02-S01-T02\n
task,PE10-S02-T01,PE10-S02-T01 — EgressRecorded + unknown not success,W5 — Sovereignty path,PE10,PE10-S02,1d,PE10-S01-T03;PE12-S01-T02,"type:task,status:core-h1,wave:w5,area:send,priority:p0",E10-F04-S01-T01,## Summary\nEgressRecorded + unknown not success\n\n## Dependencies\nBlocked by: PE10-S01-T03;PE12-S01-T02\n\n## Estimate\n1d\n\n## Twin\nE10-F04-S01-T01\n
task,PE08-S03-T01,PE08-S03-T01 — StageChanged transitions post-send,W5 — Sovereignty path,PE08,PE08-S03,1d,PE10-S01-T01;PE08-S01-T01,"type:task,status:core-h1,wave:w5,area:applications,priority:p1",,## Summary\nStageChanged transitions post-send\n\n## Dependencies\nBlocked by: PE10-S01-T01;PE08-S01-T01\n\n## Estimate\n1d\n\n## Twin\nn/a\n
task,PE12-S02-T01,PE12-S02-T01 — Redaction helper + sanitized logs panel,W5 — Sovereignty path,PE12,PE12-S02,1d,PE12-S01-T03,"type:task,status:core-h1,wave:w5,area:timeline,priority:p1",E13-F03-S01-T02,## Summary\nRedaction helper + sanitized logs panel\n\n## Dependencies\nBlocked by: PE12-S01-T03\n\n## Estimate\n1d\n\n## Twin\nE13-F03-S01-T02\n
task,PE06-S01-T01,PE06-S01-T01 — Agent state machine + events,W6 — Agent & nudges,PE06,PE06-S01,1d,PE02-S02-T03,"type:task,status:core-h1,wave:w6,area:agent,priority:p0",E12-F01-S01-T01,## Summary\nAgent state machine + events\n\n## Dependencies\nBlocked by: PE02-S02-T03\n\n## Estimate\n1d\n\n## Twin\nE12-F01-S01-T01\n
task,PE06-S01-T02,PE06-S01-T02 — IPC start pause + Agent UI,W6 — Agent & nudges,PE06,PE06-S01,1d,PE06-S01-T01;PE01-S03-T02,"type:task,status:core-h1,wave:w6,area:agent,priority:p0",E12-F01-S01-T02,## Summary\nIPC start pause + Agent UI\n\n## Dependencies\nBlocked by: PE06-S01-T01;PE01-S03-T02\n\n## Estimate\n1d\n\n## Twin\nE12-F01-S01-T02\n
task,PE06-S02-T01,PE06-S02-T01 — Prep orchestration draft tailor enqueue,W6 — Agent & nudges,PE06,PE06-S02,1.5d,PE06-S01-T01;PE08-S01-T02;PE09-S01-T01,"type:task,status:core-h1,wave:w6,area:agent,priority:p0",E12-F02-S01-T03,## Summary\nPrep orchestration draft tailor enqueue\n\n## Dependencies\nBlocked by: PE06-S01-T01;PE08-S01-T02;PE09-S01-T01\n\n## Estimate\n1.5d\n\n## Twin\nE12-F02-S01-T03\n
task,PE06-S02-T02,PE06-S02-T02 — Integration prep never calls send,W6 — Agent & nudges,PE06,PE06-S02,1d,PE06-S02-T01;PE10-S01-T02,"type:task,status:core-h1,wave:w6,area:agent,priority:p0,fence:sovereignty",E12-F02-S01-T04,## Summary\nIntegration prep never calls send\n\n## Dependencies\nBlocked by: PE06-S02-T01;PE10-S01-T02\n\n## Estimate\n1d\n\n## Twin\nE12-F02-S01-T04\n
task,PE11-S01-T01,PE11-S01-T01 — Follow-up entity + schedule after send,W6 — Agent & nudges,PE11,PE11-S01,1.5d,PE08-S03-T01;PE02-S01-T02,"type:task,status:core-h1,wave:w6,area:scheduler,priority:p1",E11-F01-S01-T01,## Summary\nFollow-up entity + schedule after send\n\n## Dependencies\nBlocked by: PE08-S03-T01;PE02-S01-T02\n\n## Estimate\n1.5d\n\n## Twin\nE11-F01-S01-T01\n
task,PE11-S03-T01,PE11-S03-T01 — Scheduler job store + time-travel test,W6 — Agent & nudges,PE11,PE11-S03,1.5d,PE11-S01-T01,"type:task,status:core-h1,wave:w6,area:scheduler,priority:p1",E11-F02-S01-T01,## Summary\nScheduler job store + time-travel test\n\n## Dependencies\nBlocked by: PE11-S01-T01\n\n## Estimate\n1.5d\n\n## Twin\nE11-F02-S01-T01\n
task,PE11-S02-T01,PE11-S02-T01 — Due notify + quiet hours defer,W6 — Agent & nudges,PE11,PE11-S02,1d,PE11-S03-T01;PE04-S02-T01,"type:task,status:core-h1,wave:w6,area:scheduler,priority:p1",E11-F03-S01-T01,## Summary\nDue notify + quiet hours defer\n\n## Dependencies\nBlocked by: PE11-S03-T01;PE04-S02-T01\n\n## Estimate\n1d\n\n## Twin\nE11-F03-S01-T01\n
task,PE11-S04-T01,PE11-S04-T01 — Follow-ups UI list + dismiss,W6 — Agent & nudges,PE11,PE11-S04,1d,PE11-S01-T01,"type:task,status:core-h1,wave:w6,area:scheduler,priority:p1",E11-F04-S01-T01,## Summary\nFollow-ups UI list + dismiss\n\n## Dependencies\nBlocked by: PE11-S01-T01\n\n## Estimate\n1d\n\n## Twin\nE11-F04-S01-T01\n
task,PE11-S04-T02,PE11-S04-T02 — Send follow-up via canSend path,W6 — Agent & nudges,PE11,PE11-S04,0.5d,PE11-S04-T01;PE10-S01-T01,"type:task,status:core-h1,wave:w6,area:scheduler,priority:p1,fence:sovereignty",E11-F04-S01-T03,## Summary\nSend follow-up via canSend path\n\n## Dependencies\nBlocked by: PE11-S04-T01;PE10-S01-T01\n\n## Estimate\n0.5d\n\n## Twin\nE11-F04-S01-T03\n
task,PE13-S01-T01,PE13-S01-T01 — First-run flag + step shell,W7 — First-run polish,PE13,PE13-S01,0.5d,PE04-S01-T01,"type:task,status:core-h1,wave:w7,area:onboarding,priority:p1",E14-F01-S01-T01,## Summary\nFirst-run flag + step shell\n\n## Dependencies\nBlocked by: PE04-S01-T01\n\n## Estimate\n0.5d\n\n## Twin\nE14-F01-S01-T01\n
task,PE13-S01-T02,PE13-S01-T02 — Onboarding step resume import,W7 — First-run polish,PE13,PE13-S01,1d,PE13-S01-T01;PE03-S02-T02,"type:task,status:core-h1,wave:w7,area:onboarding,priority:p1",E14-F01-S01-T02,## Summary\nOnboarding step resume import\n\n## Dependencies\nBlocked by: PE13-S01-T01;PE03-S02-T02\n\n## Estimate\n1d\n\n## Twin\nE14-F01-S01-T02\n
task,PE13-S01-T03,PE13-S01-T03 — Onboarding step approval + Agent chrome,W7 — First-run polish,PE13,PE13-S01,1d,PE13-S01-T01;PE04-S01-T02;PE04-S03-T01,"type:task,status:core-h1,wave:w7,area:onboarding,priority:p1",E14-F01-S01-T03,## Summary\nOnboarding step approval + Agent chrome\n\n## Dependencies\nBlocked by: PE13-S01-T01;PE04-S01-T02;PE04-S03-T01\n\n## Estimate\n1d\n\n## Twin\nE14-F01-S01-T03\n
task,PE-QA-T01,PE-QA-T01 — Resume not sent without send path,W7 — First-run polish,PE10,PE-QA,0.5d,PE10-S01-T03,"type:task,status:core-h1,wave:w7,fence:sovereignty,priority:p0",E13-QA-T01,## Summary\nResume not sent without send path\n\n## Dependencies\nBlocked by: PE10-S01-T03\n\n## Estimate\n0.5d\n\n## Twin\nE13-QA-T01\n
task,PE-QA-T02,PE-QA-T02 — Approval gate integration test,W7 — First-run polish,PE10,PE-QA,0.5d,PE10-S01-T01;PE09-S02-T01,"type:task,status:core-h1,wave:w7,fence:sovereignty,priority:p0",E13-QA-T02,## Summary\nApproval gate integration test\n\n## Dependencies\nBlocked by: PE10-S01-T01;PE09-S02-T01\n\n## Estimate\n0.5d\n\n## Twin\nE13-QA-T02\n
task,PE-QA-T03,PE-QA-T03 — Badge honesty remote not On-device,W7 — First-run polish,PE04,PE-QA,0.5d,PE04-S03-T01,"type:task,status:core-h1,wave:w7,fence:sovereignty,priority:p0",E13-QA-T03,## Summary\nBadge honesty remote not On-device\n\n## Dependencies\nBlocked by: PE04-S03-T01\n\n## Estimate\n0.5d\n\n## Twin\nE13-QA-T03\n
task,PE-QA-T04,PE-QA-T04 — Keyboard approve path,W7 — First-run polish,PE09,PE-QA,0.5d,PE09-S02-T02,"type:task,status:core-h1,wave:w7,fence:sovereignty,priority:p0",E13-QA-T05,## Summary\nKeyboard approve path\n\n## Dependencies\nBlocked by: PE09-S02-T02\n\n## Estimate\n0.5d\n\n## Twin\nE13-QA-T05\n
story,PE05-S04,PE05-S04 — Optional remote AI Provider,W8 — Experimental (parked),PE05,PE05-S04,2d,PE05-S01,"type:story,status:experimental,wave:w8,area:ai,parked,priority:p2",,## Summary\nOptional remote AI Provider\n\n## Dependencies\nBlocked by: PE05-S01\n\n## Estimate\n2d\n\n## Twin\nn/a\n
story,PE14-S01,PE14-S01 — Store knowledge entries locally,W8 — Experimental (parked),PE14,PE14-S01,2d,PE02-S01,"type:story,status:experimental,wave:w8,parked,priority:p1",,## Summary\nStore knowledge entries locally\n\n## Dependencies\nBlocked by: PE02-S01\n\n## Estimate\n2d\n\n## Twin\nn/a\n
story,PE16-S01,PE16-S01 — Application Workflow to Wait for Approval,W8 — Experimental (parked),PE16,PE16-S01,3d,PE06-S01;PE08-S01;PE09-S01,"type:story,status:experimental,wave:w8,parked,priority:p1",,## Summary\nApplication Workflow to Wait for Approval\n\n## Dependencies\nBlocked by: PE06-S01;PE08-S01;PE09-S01\n\n## Estimate\n3d\n\n## Twin\nn/a\n
story,PE21-S01,PE21-S01 — Record application outcome,W9 — Future (parked),PE21,PE21-S01,1d,PE08-S03,"type:story,status:future,wave:w9,parked,priority:p3",,## Summary\nRecord application outcome\n\n## Dependencies\nBlocked by: PE08-S03\n\n## Estimate\n1d\n\n## Twin\nn/a\n
story,PE26-S01,PE26-S01 — Export my data on request,W9 — Future (parked),PE26,PE26-S01,1d,PE02-S01;PE03-S01,"type:story,status:future,wave:w9,parked,priority:p3",,## Summary\nExport my data on request\n\n## Dependencies\nBlocked by: PE02-S01;PE03-S01\n\n## Estimate\n1d\n\n## Twin\nn/a\n
